{
  "bag": [
    {
      "date": "2047-05-17",
      "groups": [
        {
          "carts": [
            {
              "name": "SATYA YUGA",
              "timeStart": "11,502 BC",
              "timeEnd": "6702 BC",
              "location": "Thai street, hill road",
              "tracks": ["Ionic"],
              "id": "1"
            }
          ]
        },
        {
          "carts": [
            {
              "name": "TRETA YUGA",
              "location": "humble avenue",
              "description": "services to all types of hairs",
              "speakerNames": ["fizzy hair"],
              "timeStart": "6702 BC",
              "timeEnd": "3102 BC",
              "tracks": ["Design"],
              "id": "2"
            }
          ]
        },
        {
          "carts": [
            {
              "name": "DWPARA YUGA",
              "location": "OPP Town hall",
              "description": "Select your desired nails",
              "speakerNames": ["Rachel Rabbit"],
              "timeStart": "3102 BC",
              "timeEnd": "702 BC",
              "tracks": ["Angular"],
              "id": "6"
            }
          ]
        },
        {
          "carts": [

            {
              "name": "KALI YUGA",
              "location": "Harway road",
              "description": "Make up is expression of different styles",
              "speakerNames": ["Rachel Rabbit", "Eva Eagle"],
              "timeStart": "702 BC",
              "timeEnd": "698 AD",
              "tracks": ["Navigation"],
              "id": "11"
            }
          ]
        }
      ]
    }
  ],

  "speakers": [
    {
      "name": "RAMA",
      "profilePic": "assets/img/speakers/download.jpg",
      "instagram": "ionicframework",
      "twitter": "ionicframework",
      "github": "ionic-team/ionic",
      "about": "Rama (or Ramacandra) is the seventh avatar of the Hindu god Vishnu. ... Lord Rama, considered by many Hindus to be based on an historical figure, is perhaps the most virtuous hero from Hindu mythology and he, along with his wife Sita, are a picture of purity and marital devotion",
      "location": "Everywhere",
      "email": "burt@example.com",
      "phone": "+1-541-754-3010",
      "id": "1"
    },
    {
      "name": "SITA",
      "profilePic": "assets/img/speakers/sita.jpg",
      "instagram": "ionicframework",
      "twitter": "ionicframework",
      "github": "ionic-team/ionic",
      "about": "She is described as the daughter of the earth goddess, Bhūmi or Prithvi and the adopted daughter of King Janaka of Videha and his wife, Queen Sunaina. She has a younger sister, Urmila, and the female cousins Mandavi and Shrutakirti. Sita is known for her dedication, self-sacrifice, courage and purity.",
      "location": "Everywhere",
      "email": "charlie@example.com",
      "phone": "+1-541-754-3010",
      "id": "2"
    },
    {
      "name": "LAKSHMANA",
      "profilePic": "assets/img/speakers/lakshmana.jpg",
      "instagram": "ionicframework",
      "twitter": "ionicframework",
      "github": "ionic-team/ionic",
      "about": "Lakshmana is the twin brother of Shatrughna. ...According to the Valmiki Ramayana, Lakshmana is one quarter (25%) component of the manifestation of the god Vishnu and is considered to be an avatar of Vishnu, whose full avatar Rama is considered.",
      "location": "Everywhere",
      "email": "donald@example.com",
      "phone": "+1-541-754-3010",
      "id": "3"
    },
    {
      "name": "HANUMAN",
      "profilePic": "assets/img/speakers/human.jpg",
      "instagram": "ionicframework",
      "twitter": "ionicframework",
      "github": "ionic-team/ionic",
      "about": "Hanuman (/ˈhʌnʊˌmɑːn/; Sanskrit: हनुमान्, IAST: Hanumān) is a Hindu god and divine vanara companion of the god Rama. Lord Hanuman is one of the central characters of the Hindu epic Ramayana. ... Hanuman is also son of the wind-god Vayu, who according to several stories, played a role in his birth.",
      "location": "Everywhere",
      "email": "eva@example.com",
      "phone": "+1-541-754-3010",
      "id": "4"
    },
    {
      "name": "BHARATH",
      "profilePic": "assets/img/speakers/bharatha.jpg",
      "instagram": "ionicframework",
      "twitter": "ionicframework",
      "github": "ionic-team/ionic",
      "about": "Bharata was the younger half brother of Rama. Ramayana holds Bharata as a symbol of dharma and idealism. According to the Ramayana, Rama is the seventh avatar of Vishnu while Lakshmana, Bharata and Shatrughna are considered as part-incarnations of Sheshanaga, Shankha and Sudarshan Chakra respectively.",
      "location": "Everywhere",
      "email": "ellie@example.com",
      "phone": "+1-541-754-3010",
      "id": "5"
    },
    {
      "name": "KRISHNA",
      "profilePic": "assets/img/speakers/krishna.jpg",
      "instagram": "ionicframework",
      "twitter": "ionicframework",
      "github": "ionic-team/ionic",
      "about": "He is worshipped as the eighth avatar of the god Vishnu and also as the supreme God in his own right. He is the god of compassion, tenderness, love and is one of the most popular and widely revered among Indian divinities.",
      "location": "Everywhere",
      "email": "gino@example.com",
      "phone": "+1-541-754-3010",
      "id": "6"
    }
  ],

  "map": [
    {
      "name": "Monona Terrace Convention Center",
      "lat": 43.071584,
      "lng": -89.38012,
      "center": true
    },
    {
      "name": "Ionic HQ",
      "lat": 43.074395,
      "lng": -89.381056
    },
    {
      "name": "Afterparty - Brocach Irish Pub",
      "lat": 43.07336,
      "lng": -89.38335
    }
  ],

  "tracks": [
    {
      "name": "Angular",
      "icon": "logo-angular"
    },
    {
      "name": "Documentation",
      "icon": "document"
    },
    {
      "name": "Food",
      "icon": "restaurant"
    },
    {
      "name": "Ionic",
      "icon": "logo-ionic"
    },
    {
      "name": "Tooling",
      "icon": "hammer"
    },
    {
      "name": "Design",
      "icon": "color-palette"
    },
    {
      "name": "Services",
      "icon": "cog"
    },
    {
      "name": "Workshop",
      "icon": "construct"
    },
    {
      "name": "Communication",
      "icon": "call"
    },
    {
      "name": "Navigation",
      "icon": "compass"
    }
  ]
}
