{
  "bag": [
    {
      "date": "2047-05-17",
      "groups": [
        {
          "time": "MONDAY 8:00 am",
          "carts": [
            {
              "name": "Thai saloon for massage",
              "timeStart": "8:00 am",
              "timeEnd": "9:00 am",
              "location": "Thai street, hill road",
              "tracks": ["Ionic"],
              "id": "1"
            }
          ]
        },
        {
          "time": " TUESDAY 9:15 am",
          "carts": [
            {
              "name": "Colours hair style",
              "location": "humble avenue",
              "description": "services to all types of hairs",
              "speakerNames": ["fizzy hair"],
              "timeStart": "9:30 am",
              "timeEnd": "9:45 am",
              "tracks": ["Design"],
              "id": "2"
            },
            {
              "name": "pink facials",
              "location": "sun flower street",
              "description": "Beat facials for all types of skin and skin test will be available for free",
              "speakerNames": ["Gold facial"],
              "timeStart": "9:15 am",
              "timeEnd": "9:30 am",
              "tracks": ["Design"],
              "id": "4"
            }
          ]
        },
        {
          "time": "WEDNESDAY 10:00 am",
          "carts": [
            {
              "name": "Nail spa",
              "location": "OPP Town hall",
              "description": "Select your desired nails",
              "speakerNames": ["Rachel Rabbit"],
              "timeStart": "10:15 am",
              "timeEnd": "10:30 am",
              "tracks": ["Angular"],
              "id": "6"
            }
          ]
        },
        {
          "time": " THRUSDAY 11:00 am",
          "carts": [

            {
              "name": "Make up saloon",
              "location": "Harway road",
              "description": "Make up is expression of different styles",
              "speakerNames": ["Rachel Rabbit", "Eva Eagle"],
              "timeStart": "11:30 am",
              "timeEnd": "12:00 pm",
              "tracks": ["Navigation"],
              "id": "11"
            }
          ]
        },
        {
          "time": " FRIDAY 12:00 pm",
          "carts": [
            {
              "name": "Laser Hair remove",
              "location": "Trook way",
              "description": "Remove hair permenantly with laser treatment",
              "timeStart": "12:00 pm",
              "timeEnd": "1:00 pm",
              "tracks": ["Food"],
              "id": "12"
            }
          ]
        },
        {
          "time": " SATURDAY 1:00 pm",
          "carts": [
            {
              "name": "Manicure parlour",
              "location": "Simple road",
              "description": "Keep your legs beautiful",
              "speakerNames": ["Paul Puppy"],
              "timeStart": "1:00 pm",
              "timeEnd": "1:15 pm",
              "tracks": ["Communication"],
              "id": "13"
            },
            {
              "name": "Hair styling",
              "location": "freedom street",
              "description": "Try all different hair style in the world",
              "speakerNames": ["Gino Giraffe"],
              "timeStart": "1:15 pm",
              "timeEnd": "1:30 pm",
              "tracks": ["Communication"],
              "id": "14"
            }
          ]
        },
        {
          "time": "SUNDAY 2:00 pm",
          "carts": [
            {
              "name": "Body massage",
              "location": "landor road",
              "description": "Enjoy hot stone massage!!!",
              "speakerNames": ["Burt Bear", "Charlie Cheetah"],
              "timeStart": "2:00 pm",
              "timeEnd": "2:30 pm",
              "tracks": ["Services"],
              "id": "16"
            }
          ]
        }
      ]
    }
  ],

  "speakers": [
    {
      "name": "Burt Bear",
      "profilePic": "assets/img/speakers/bear.jpg",
      "instagram": "ionicframework",
      "twitter": "ionicframework",
      "github": "ionic-team/ionic",
      "about": "Burt is a Bear.",
      "location": "Everywhere",
      "email": "burt@example.com",
      "phone": "+1-541-754-3010",
      "id": "1"
    },
    {
      "name": "Charlie Cheetah",
      "profilePic": "assets/img/speakers/cheetah.jpg",
      "instagram": "ionicframework",
      "twitter": "ionicframework",
      "github": "ionic-team/ionic",
      "about": "Charlie is a Cheetah.",
      "location": "Everywhere",
      "email": "charlie@example.com",
      "phone": "+1-541-754-3010",
      "id": "2"
    },
    {
      "name": "Donald Duck",
      "profilePic": "assets/img/speakers/duck.jpg",
      "instagram": "ionicframework",
      "twitter": "ionicframework",
      "github": "ionic-team/ionic",
      "about": "Donald is a Duck.",
      "location": "Everywhere",
      "email": "donald@example.com",
      "phone": "+1-541-754-3010",
      "id": "3"
    },
    {
      "name": "Eva Eagle",
      "profilePic": "assets/img/speakers/eagle.jpg",
      "instagram": "ionicframework",
      "twitter": "ionicframework",
      "github": "ionic-team/ionic",
      "about": "Eva is an Eagle.",
      "location": "Everywhere",
      "email": "eva@example.com",
      "phone": "+1-541-754-3010",
      "id": "4"
    },
    {
      "name": "Ellie Elephant",
      "profilePic": "assets/img/speakers/elephant.jpg",
      "instagram": "ionicframework",
      "twitter": "ionicframework",
      "github": "ionic-team/ionic",
      "about": "Ellie is an Elephant.",
      "location": "Everywhere",
      "email": "ellie@example.com",
      "phone": "+1-541-754-3010",
      "id": "5"
    },
    {
      "name": "Gino Giraffe",
      "profilePic": "assets/img/speakers/giraffe.jpg",
      "instagram": "ionicframework",
      "twitter": "ionicframework",
      "github": "ionic-team/ionic",
      "about": "Gino is a Giraffe.",
      "location": "Everywhere",
      "email": "gino@example.com",
      "phone": "+1-541-754-3010",
      "id": "6"
    },
    {
      "name": "Isabella Iguana",
      "profilePic": "assets/img/speakers/iguana.jpg",
      "instagram": "ionicframework",
      "twitter": "ionicframework",
      "github": "ionic-team/ionic",
      "about": "Isabella is an Iguana.",
      "location": "Everywhere",
      "email": "isabella@example.com",
      "phone": "+1-541-754-3010",
      "id": "7"
    },
    {
      "name": "Karl Kitten",
      "profilePic": "assets/img/speakers/kitten.jpg",
      "instagram": "ionicframework",
      "twitter": "ionicframework",
      "github": "ionic-team/ionic",
      "about": "Karl is a Kitten.",
      "location": "Everywhere",
      "email": "karl@example.com",
      "phone": "+1-541-754-3010",
      "id": "8"
    },
    {
      "name": "Lionel Lion",
      "profilePic": "assets/img/speakers/lion.jpg",
      "instagram": "ionicframework",
      "twitter": "ionicframework",
      "github": "ionic-team/ionic",
      "about": "Lionel is a Lion.",
      "location": "Everywhere",
      "email": "lionel@example.com",
      "phone": "+1-541-754-3010",
      "id": "9"
    },
    {
      "name": "Molly Mouse",
      "profilePic": "assets/img/speakers/mouse.jpg",
      "instagram": "ionicframework",
      "twitter": "ionicframework",
      "github": "ionic-team/ionic",
      "about": "Molly is a Mouse.",
      "location": "Everywhere",
      "email": "molly@example.com",
      "phone": "+1-541-754-3010",
      "id": "10"
    },
    {
      "name": "Paul Puppy",
      "profilePic": "assets/img/speakers/puppy.jpg",
      "instagram": "ionicframework",
      "twitter": "ionicframework",
      "github": "ionic-team/ionic",
      "about": "Paul is a Puppy.",
      "location": "Everywhere",
      "email": "paul@example.com",
      "phone": "+1-541-754-3010",
      "id": "11"
    },
    {
      "name": "Rachel Rabbit",
      "profilePic": "assets/img/speakers/rabbit.jpg",
      "instagram": "ionicframework",
      "twitter": "ionicframework",
      "github": "ionic-team/ionic",
      "about": "Rachel is a Rabbit.",
      "location": "Everywhere",
      "email": "rachel@example.com",
      "phone": "+1-541-754-3010",
      "id": "12"
    },
    {
      "name": "Ted Turtle",
      "profilePic": "assets/img/speakers/turtle.jpg",
      "instagram": "ionicframework",
      "twitter": "ionicframework",
      "github": "ionic-team/ionic",
      "about": "Ted is a Turtle.",
      "location": "Everywhere",
      "email": "ted@example.com",
      "phone": "+1-541-754-3010",
      "id": "13"
    }
  ],

  "map": [
    {
      "name": "Monona Terrace Convention Center",
      "lat": 43.071584,
      "lng": -89.38012,
      "center": true
    },
    {
      "name": "Ionic HQ",
      "lat": 43.074395,
      "lng": -89.381056
    },
    {
      "name": "Afterparty - Brocach Irish Pub",
      "lat": 43.07336,
      "lng": -89.38335
    }
  ],

  "tracks": [
    {
      "name": "Angular",
      "icon": "logo-angular"
    },
    {
      "name": "Documentation",
      "icon": "document"
    },
    {
      "name": "Food",
      "icon": "restaurant"
    },
    {
      "name": "Ionic",
      "icon": "logo-ionic"
    },
    {
      "name": "Tooling",
      "icon": "hammer"
    },
    {
      "name": "Design",
      "icon": "color-palette"
    },
    {
      "name": "Services",
      "icon": "cog"
    },
    {
      "name": "Workshop",
      "icon": "construct"
    },
    {
      "name": "Communication",
      "icon": "call"
    },
    {
      "name": "Navigation",
      "icon": "compass"
    }
  ]
}
